SimulationTime(s),RTT(us),VehicleCount,PayloadSize(Bytes)
1,2696,1,102
2,551,1,104
3,367,1,104
4,435,2,206
5,362,2,208
6,386,2,208
7,627,3,310
8,444,3,312
9,371,3,314
10,504,4,413
11,482,4,415
12,417,4,417
13,701,5,518
14,669,5,518
15,488,5,520
16,579,6,623
17,599,6,625
18,527,6,626
19,673,7,727
20,495,7,727
21,505,7,747
22,600,8,833
23,686,8,832
24,549,8,850
25,635,9,931
26,721,9,935
27,618,9,953
28,793,10,1039
29,578,10,1040
30,571,10,1038
31,789,11,1142
32,916,11,1164
33,820,11,1145
34,761,12,1263
35,703,12,1246
36,704,12,1246
37,915,13,1368
38,698,13,1345
39,645,13,1352
40,829,14,1452
41,742,14,1455
42,998,14,1461
43,801,15,1562
44,692,15,1560
45,716,15,1560
46,878,16,1666
47,857,16,1681
48,721,16,1663
49,810,17,1785
50,788,17,1763
51,729,17,1767
52,921,18,1888
53,805,18,1863
54,741,18,1866
55,1075,19,1986
56,1077,19,1966
57,948,19,1988
58,1020,20,2069
59,901,20,2069
60,866,20,2092
61,1011,21,2172
62,862,21,2177
63,947,21,2189
64,1057,22,2276
65,975,22,2277
66,947,22,2288
67,1112,23,2375
68,966,23,2378
69,1086,23,2376
70,1060,24,2477
71,1268,24,2481
72,1210,24,2481
73,1121,25,2584
74,1273,25,2591
75,1126,25,2611
76,1224,26,2692
77,1172,26,2693
78,1309,26,2711
79,1352,27,2791
80,1151,27,2816
81,1163,27,2796
82,1453,28,2896
83,1207,28,2923
84,1465,28,2895
85,1486,29,3017
86,1346,29,3001
87,1224,29,3000
88,1436,30,3106
89,1827,30,3103
90,1322,30,3107
91,1490,31,3209
92,1350,31,3225
93,1304,31,3210
94,1421,32,3328
95,1330,32,3311
96,1478,32,3310
97,2104,33,3423
98,1507,33,3421
99,1476,33,3417
100,2128,34,3525
101,1869,34,3523
102,2009,34,3546
103,1657,35,3627
104,1592,35,3632
105,1437,35,3646
106,1559,36,3730
107,1919,36,3739
108,1585,36,3750
109,1661,37,3836
110,1581,37,3840
111,1555,37,3854
112,1814,38,3938
113,1896,38,3942
114,1625,38,3940
115,1894,39,4045
116,1583,39,4043
117,1617,39,4044
118,1978,40,4146
119,1961,40,4145
120,1709,40,4145
121,1752,41,4252
122,1963,41,4251
123,1777,41,4274
124,1965,42,4352
125,1993,42,4352
126,1937,42,4370
127,1992,43,4448
128,1954,43,4449
129,2227,43,4448
130,2059,44,4558
131,2243,44,4569
132,2125,44,4546
133,1991,45,4678
134,2192,45,4645
135,1906,45,4654
136,1987,46,4759
137,2176,46,4754
138,1876,46,4758
139,2290,47,4859
140,2089,47,4876
141,2451,47,4859
142,2180,48,4981
143,2662,48,4961
144,2121,48,4963
145,2176,49,5084
146,2757,49,5068
147,2208,49,5078
148,2373,50,5189
149,2299,50,5182
150,2963,50,5174
151,2564,51,5333
152,4886,51,5341
153,2718,51,5274
154,5629,52,5445
155,3975,52,5428
156,8085,52,5379
157,5033,53,5536
158,6800,53,5533
159,6380,53,5485
160,5058,54,5640
161,4450,54,5634
162,3867,54,5590
163,4750,55,5694
164,4344,55,5710
165,4025,55,5740
166,9197,56,5861
167,8685,56,5794
168,7632,56,5864
169,14544,57,5940
170,6964,57,5915
171,4002,57,5945
172,5379,58,6018
173,4030,58,6007
174,4991,58,6010
175,3766,59,6109
176,4728,59,6110
177,3907,59,6113
178,5619,60,6218
179,4900,60,6236
180,7334,60,6218
181,6032,61,6387
182,5077,61,6413
183,8797,61,6313
184,8660,62,6469
185,6405,62,6469
186,4293,62,6476
187,9223,63,6576
188,5986,63,6575
189,6960,63,6578
190,4983,64,6675
191,5026,64,6631
192,5768,64,6684
193,5208,65,6756
194,4484,65,6787
195,4268,65,6756
196,4479,66,6882
197,4995,66,6893
198,4169,66,6864
199,4144,67,6996
200,3870,67,6991
201,4320,67,6967
202,6473,68,7044
203,4449,68,7073
204,5274,68,7046
205,4646,69,7174
206,6157,69,7153
207,3727,69,7165
208,4523,70,7254
209,4125,70,7260
210,3741,70,7279
211,7107,71,7357
212,3847,71,7384
213,5099,71,7390
214,5549,72,7546
215,7434,72,7548
216,4980,72,7517
217,5412,73,7599
218,4374,73,7611
219,3927,73,7651
220,4255,74,7710
221,3994,74,7758
222,4138,74,7736
223,3894,75,7846
224,4300,75,7772
225,3849,75,7799
226,4018,76,7882
227,3862,76,7907
228,4462,76,7903
229,4421,77,7999
230,4181,77,8036
231,4571,77,8080
232,5261,78,8168
233,4772,78,8130
234,4591,78,8154
235,4991,79,8231
236,4837,79,8229
237,4802,79,8262
238,5299,80,8366
239,5200,80,8335
240,4961,80,8332
241,4404,81,8459
242,4950,81,8454
243,4577,81,8458
244,4403,82,8560
245,4804,82,8559
246,5232,82,8524
247,4410,83,8605
248,4196,83,8629
249,4112,82,8547
250,4358,83,8676
251,4113,83,8678
252,3962,83,8637
253,6898,83,8673
254,4138,83,8631
255,6349,83,8663
256,5430,83,8650
257,4122,83,8632
258,4737,83,8679
259,5123,83,8590
260,4324,83,8681
261,3995,83,8643
262,6261,84,8723
263,4418,84,8725
264,5570,84,8787
265,5432,85,8850
266,5154,85,8821
267,5840,85,8898
268,5004,85,8855
269,5348,85,8827
270,4685,84,8759
271,4925,85,8869
272,4506,84,8769
273,4197,84,8739
274,4132,85,8874
275,4274,85,8832
276,5936,85,8905
277,4324,86,8984
278,4588,86,8943
279,3954,86,8993
280,4357,86,8997
281,4011,86,8939
282,4327,85,8888
283,4217,86,8965
284,4402,86,8916
285,4190,86,8960
286,4559,87,9081
287,4058,87,9048
288,4273,87,9078
289,4271,88,9132
290,4228,88,9117
291,3914,88,9144
292,4397,89,9291
293,4106,89,9280
294,4113,89,9250
295,4120,90,9339
296,8559,89,9257
297,9907,88,9161
298,5620,89,9265
299,5737,88,9179
300,4983,88,9200
301,4952,88,9182
302,4788,88,9267
303,4603,87,9177
304,4902,87,9095
305,6183,87,9115
306,7931,86,9009
307,6056,87,9087
308,6093,86,8995
309,5020,86,8992
310,11523,87,9078
311,7506,87,9128
312,5757,87,9051
313,8567,87,9109
314,5103,87,9099
315,4913,87,9089
316,5154,88,9237
317,5451,87,9091
318,4359,87,9093
319,4766,87,9065
320,6825,87,9027
321,4163,87,9047
322,5054,88,9145
323,4247,87,9042
324,4919,87,9027
325,4279,88,9153
326,5816,88,9157
327,4497,88,9161
328,4813,89,9262
329,4481,89,9244
330,4497,89,9264
331,4556,90,9348
332,4519,90,9362
333,4513,90,9362
334,4833,91,9494
335,5243,91,9554
336,4191,90,9478
337,4642,90,9425
338,4593,90,9387
339,4604,89,9306
340,4480,90,9395
341,4260,89,9303
342,4087,89,9298
343,4373,89,9264
344,4210,89,9284
345,7968,89,9316
346,4790,90,9404
347,4223,90,9408
348,4036,89,9304
349,7167,89,9305
350,4412,89,9319
351,4611,88,9165
352,4917,89,9246
353,4652,88,9229
354,5123,88,9230
355,5254,88,9185
356,5098,87,9085
357,4233,87,9131
358,4763,87,9115
359,4892,87,9098
360,5040,86,9015
361,5594,87,9044
362,5043,86,8991
363,5851,85,8854
364,4400,86,8974
365,4017,85,8841
366,4082,85,8922
367,4244,85,8841
368,4501,85,8890
369,4017,84,8812
370,4135,85,8852
371,7494,85,8867
372,4137,85,8933
373,4247,86,9024
374,4210,86,8984
375,3937,86,9029
376,4333,86,9033
377,4447,86,8952
378,4662,85,8905
379,4495,86,8962
380,4554,85,8919
381,4355,85,8891
382,4630,85,8882
383,4280,85,8910
384,4604,84,8757
385,4744,85,8866
386,4548,85,8866
387,4680,85,8938
388,4460,85,8924
389,4333,85,8916
390,4244,84,8834
391,4644,85,8876
392,4509,85,8925
393,4398,85,8920
394,4769,86,8961
395,4355,86,8959
396,4386,85,8943
397,4145,86,8958
398,4269,86,9029
399,4090,86,9014
400,4151,87,9089
401,5177,87,9134
402,4463,87,9061
403,4960,88,9203
404,5322,88,9205
405,6731,88,9183
406,8711,88,9169
407,4696,88,9230
408,5325,87,9080
409,5045,88,9227
410,4913,88,9230
411,4806,88,9200
412,5081,89,9295
413,4893,89,9336
414,4896,89,9298
415,4960,90,9403
416,5522,90,9426
417,5104,90,9406
418,5074,91,9543
419,5453,90,9497
420,5310,90,9447
421,5463,90,9447
422,5162,90,9448
423,4162,89,9359
424,4676,89,9339
425,5287,89,9307
426,5116,88,9274
427,5327,89,9355
428,5384,88,9255
429,5155,88,9253
430,5313,88,9200
431,4996,88,9244
432,5270,88,9250
433,5282,88,9251
434,5029,88,9263
435,5014,88,9192
436,5082,89,9347
437,4988,88,9267
438,4998,88,9196
439,4619,89,9379
440,4699,88,9252
441,4463,88,9201
442,4955,89,9363
443,8218,88,9254
444,4546,88,9231
445,4908,89,9308
446,4721,89,9287
447,5584,89,9371
448,4497,90,9470
449,4999,90,9407
450,4801,90,9471
451,4874,91,9496
452,5316,91,9542
453,5089,91,9587
454,5800,92,9588
455,5764,92,9598
456,5105,92,9657
457,4641,93,9763
458,4405,93,9760
459,4701,93,9776
460,5018,94,9842
461,5060,94,9800
462,5308,94,9833
463,5561,94,9854
464,4885,94,9844
465,4691,93,9774
466,4538,94,9846
467,4566,93,9726
468,4966,92,9675
469,4805,93,9688
470,5268,92,9631
471,4643,92,9673
472,5001,92,9609
473,4797,91,9531
474,5774,91,9525
475,5429,91,9532
476,4491,91,9535
477,4835,90,9425
478,4689,90,9445
479,5400,90,9439
480,4881,89,9310
481,9576,90,9473
482,5252,89,9342
483,5485,88,9208
484,4551,89,9353
485,5519,88,9261
486,4894,88,9205
487,4572,88,9211
488,4633,88,9251
489,5029,87,9080
490,4780,87,9100
491,4940,87,9135
492,4540,86,9048
493,5152,87,9076
494,4982,86,9055
495,4828,85,8962
496,5495,86,9056
497,5059,85,8957
498,5014,85,8903
499,4744,85,8956
500,4135,85,8959
501,4192,84,8799
502,4184,85,8954
503,4263,84,8822
504,4684,83,8716
505,4370,84,8838
506,3732,83,8751
507,3941,83,8687
508,4009,83,8741
509,4144,83,8751
510,3988,83,8711
511,3986,84,8814
512,4597,84,8818
513,4260,84,8860
514,4025,85,8950
515,4440,85,8885
516,4371,85,8949
517,4268,86,9053
518,4839,85,8905
519,4084,85,8956
520,4376,86,9029
521,3885,86,9046
522,4712,86,9034
523,4192,87,9135
524,3953,87,9166
525,4138,87,9114
526,4099,88,9267
527,4497,88,9292
528,4509,87,9121
529,4462,88,9301
530,3787,87,9155
531,3743,87,9147
532,4340,87,9126
533,4222,87,9109
534,3831,86,9026
535,4174,87,9171
536,3853,86,9039
537,3993,85,8954
538,4007,86,9081
539,3944,85,8939
540,3864,85,8974
541,4015,85,8892
542,3888,85,8941
543,3657,84,8892
544,4225,84,8834
545,3861,84,8836
546,4263,84,8808
547,4655,85,8894
548,5205,85,8917
549,5047,85,8989
550,4600,85,8955
551,4393,85,8952
552,4092,84,8865
553,4675,85,8903
554,4193,84,8843
555,4919,84,8866
556,5408,85,8892
557,4541,85,8937
558,4785,84,8894
559,5239,85,8891
560,4610,84,8843
561,4599,84,8830
562,4287,85,8913
563,4054,85,8943
564,4150,85,8956
565,5599,86,8998
566,4185,86,9051
567,4662,85,8939
568,4357,86,8999
569,5482,85,8972
570,3813,85,8919
571,4255,85,8952
572,4184,85,8971
573,4982,84,8809
574,4621,85,8908
575,4361,84,8843
576,4260,83,8695
577,3958,84,8862
578,3741,83,8690
579,3685,83,8748
580,3758,83,8751
581,3965,83,8760
582,3854,83,8763
583,3721,83,8706
584,3955,83,8743
585,3682,83,8775
586,3775,84,8881
587,3676,83,8737
588,3850,83,8722
589,5184,84,8854
590,4129,83,8735
591,4126,83,8746
592,4414,84,8833
593,4324,83,8738
594,4218,83,8711
595,4322,83,8715
596,4723,83,8721
597,4070,83,8746
598,4847,83,8720
599,4068,83,8703
600,4045,83,8791
601,4291,83,8760
602,3900,83,8746
603,3819,83,8730
604,4008,83,8740
605,4136,83,8744
606,4321,83,8769
607,4404,83,8740
608,4286,83,8763
609,4059,83,8767
610,4726,84,8812
611,3985,84,8871
612,4808,84,8833
613,4419,85,8966
614,10123,85,8964
615,4595,85,8939
616,4551,86,9048
617,4547,85,8901
618,4764,84,8862
619,4296,85,8968
620,4278,84,8818
621,4483,84,8861
622,5055,84,8834
623,4817,84,8797
624,3985,83,8730
625,4389,84,8808
626,4138,83,8685
627,4048,83,8719
628,4298,83,8698
629,4386,83,8687
630,4031,83,8743
631,4562,84,8798
632,4544,84,8795
633,4437,84,8855
634,4037,85,8907
635,4174,85,9001
636,4035,85,8989
637,4342,86,9046
638,4318,85,8968
639,4271,85,8983
640,4671,85,8967
641,7132,85,8971
642,4475,84,8863
643,5192,84,8860
644,4170,84,8843
645,4064,83,8756
646,4045,84,8845
647,4524,84,8819
648,4189,84,8880
649,4007,85,8916
650,3902,85,8963
651,4208,84,8906
652,4128,85,8902
653,4043,84,8798
654,3935,84,8834
655,4001,84,8837
656,4099,84,8837
657,3949,83,8758
658,4372,84,8843
659,4020,83,8709
660,3837,83,8748
661,4082,84,8827
662,4875,83,8751
663,3933,83,8769
664,4351,84,8840
665,4036,83,8764
666,4099,83,8779
667,3933,83,8712
668,3879,83,8705
669,3742,83,8689
670,3936,83,8759
671,3840,83,8678
672,3786,83,8780
673,4219,84,8832
674,3947,84,8861
675,3925,84,8880
676,3990,85,8910
677,4058,85,8967
678,3831,85,8965
679,4445,86,9023
680,4608,85,8938
681,4160,85,8919
682,3882,85,8983
683,4007,85,8941
684,4611,84,8834
685,4537,84,8849
686,4224,84,8798
687,3889,83,8765
688,4148,84,8848
689,3890,83,8772
690,4160,83,8772
691,4155,83,8718
692,3936,83,8756
693,3880,83,8744
694,4438,84,8806
695,4019,84,8851
696,3939,84,8876
697,4072,85,8892
698,3830,85,8973
699,3837,85,8972
700,4094,86,9014
701,4354,86,9022
702,3869,86,9089
703,4068,87,9157
704,4913,87,9107
705,4141,87,9187
706,4710,88,9236
707,3988,88,9283
708,3878,87,9209
709,4103,88,9230
710,4092,87,9199
711,3785,87,9218
712,4185,87,9152
713,4016,86,9029
714,3873,86,9096
715,3777,86,9075
716,4242,86,9023
717,3883,85,8974
718,3832,86,9104
719,4050,85,8960
720,3891,85,9000
721,4094,85,8923
722,3839,85,8989
723,4011,84,8886
724,3919,85,8920
725,3749,85,8974
726,3865,85,8943
727,4115,86,9029
728,3793,86,9086
729,4552,86,9074
730,3874,87,9125
731,4090,87,9200
732,4299,87,9154
733,4074,88,9274
734,3960,87,9160
735,3903,87,9156
736,4010,88,9230
737,3811,88,9264
738,4153,88,9257
739,3814,89,9323
740,3916,89,9327
741,3788,88,9260
742,3884,89,9346
743,3932,88,9218
744,3758,88,9274
745,3940,88,9211
746,3927,88,9229
747,3855,88,9280
748,3932,89,9414
749,3838,89,9389
750,4205,89,9377
751,4232,90,9487
752,4110,90,9483
753,3967,90,9487
754,4120,91,9604
755,4150,91,9596
756,4263,90,9491
757,4018,91,9610
758,4551,90,9432
759,8828,90,9480
760,4279,90,9436
761,3886,90,9462
762,4016,89,9402
763,4381,89,9311
764,3839,89,9394
765,3962,88,9233
766,3975,89,9361
767,3962,88,9272
768,4140,87,9195
769,4190,88,9254
770,3994,87,9161
771,3971,87,9138
772,4001,87,9134
773,4013,87,9147
774,3720,86,9028
775,4062,86,9031
776,3732,86,9021
777,3921,85,8946
778,3852,86,9089
779,3909,85,8894
780,3714,84,8842
781,3816,85,8984
782,3904,85,8891
783,3639,85,8980
784,3845,86,9020
785,3928,86,9056
786,7260,86,9101
787,3816,87,9124
788,3793,86,9005
789,3934,85,8940
790,3730,86,9102
791,3995,85,8939
792,3744,85,8972
793,3854,85,8889
794,3897,85,8889
795,3675,84,8875
796,4252,85,8903
797,4048,84,8838
798,3676,84,8856
799,4078,84,8814
800,3711,84,8842
801,3843,84,8823
802,3778,85,8899
803,4017,85,8942
804,3634,85,8985
805,3827,85,8905
806,3840,85,8947
807,3838,84,8867
808,4059,85,8903
809,3888,84,8871
810,3690,84,8868
811,3856,84,8822
812,4321,84,8868
813,3897,84,8828
814,4343,85,8910
815,3764,85,8977
816,3913,85,8944
817,4014,86,9075
818,4070,85,8989
819,4147,85,8919
820,4354,85,8972
821,3931,85,9000
822,4343,84,8814
823,3981,84,8881
824,3854,84,8849
825,4210,83,8727
826,5121,84,8822
827,5166,84,8869
828,5864,84,8906
829,4904,85,8920
830,4830,84,8852
831,4320,84,8861
832,5467,84,8863
833,3806,84,8847
834,4802,83,8729
835,4327,84,8820
836,3910,83,8761
837,3802,83,8786
838,4058,84,8819
839,3853,84,8882
840,3785,84,8892
841,4540,85,8914
842,4006,85,8982
843,3951,85,9010
844,4329,86,9034
845,4003,86,9066
846,5267,86,9040
847,4021,86,9026
848,4128,86,9077
849,3895,86,9008
850,4081,87,9145
851,3907,86,9023
852,4427,86,9038
853,3965,87,9138
854,4668,87,9155
855,4220,87,9189
856,4063,88,9269
857,3993,88,9247
858,3974,88,9244
859,4266,89,9389
860,4171,89,9330
861,4042,89,9395
862,3975,89,9377
863,4006,89,9317
864,4177,88,9269
865,4038,89,9403
866,4453,88,9218
867,4225,87,9173
868,4201,88,9276
869,4608,87,9146
870,4483,87,9179
871,5594,87,9115
872,4846,87,9146
873,5046,86,9013
874,5044,86,9026
875,5001,86,9057
876,5438,85,8944
877,5477,86,9069
878,4481,85,8956
879,5130,85,8937
880,4922,85,8908
881,9581,85,8898
882,5413,85,8941
883,5101,85,8903
884,5466,85,8945
885,5485,84,8837
886,5318,85,8945
887,5538,84,8819
888,5422,84,8885
889,7430,85,8967
890,6053,85,8911
891,5744,84,8865
892,5166,85,8965
893,5178,84,8867
894,5485,84,8866
895,5201,85,8900
896,5218,84,8849
897,5837,84,8883
898,5661,84,8814
899,6543,84,8848
900,5040,83,8735
901,7269,84,8807
902,6782,84,8848
903,5254,84,8896
904,6417,84,8797
905,6951,84,8844
906,6876,83,8805
907,8521,84,8793
908,5717,84,8802
909,6378,83,8736
910,6151,84,8865
911,7635,83,8749
912,8386,83,8780
913,7637,83,8746
914,4729,83,8691
915,4860,83,8782
916,5034,83,8695
917,4639,83,8768
918,4588,83,8808
919,4600,83,8714
920,4333,83,8771
921,5147,83,8709
922,4461,83,8693
923,4943,83,8715
924,4663,83,8743
925,4929,84,8863
926,6550,84,8792
927,5695,83,8737
928,8269,84,8881
929,8429,83,8705
930,9295,83,8741
931,11942,83,8796
932,6696,83,8684
933,9066,83,8742
934,5529,84,8808
935,5702,84,8785
936,5242,83,8743
937,5199,84,8833
938,5756,84,8854
939,5486,83,8777
940,5507,84,8794
941,7129,83,8693
942,4122,83,8729
943,6878,84,8828
944,5086,83,8709
945,5071,83,8757
946,5556,83,8718
947,5103,83,8732
948,4814,83,8808
949,4359,84,8914
950,4660,84,8881
951,4664,84,8848
952,5292,85,8937
953,5047,85,8949
954,5309,85,8974
955,5985,86,9066
956,7601,86,9071
957,5250,86,9103
958,5214,87,9190
959,5568,87,9174
960,5370,87,9182
961,5398,87,9146
962,5555,87,9161
963,4338,86,9063
964,4533,87,9145
965,4258,86,9057
966,4416,86,9050
967,5068,86,9031
968,4032,86,9059
969,4339,85,8998
970,5492,85,8917
971,5159,85,9003
972,6422,84,8883
973,8394,85,8941
974,5612,84,8880
975,4448,84,8834
976,4575,84,8829
977,4331,83,8758
978,3750,83,8742
979,6152,84,8812
980,3583,84,8865
981,3596,84,8866
982,3778,85,8942
983,4001,85,8970
984,3702,85,8962
985,4040,86,9047
986,3759,86,9060
987,3692,86,9081
988,4077,87,9124
989,3732,86,9064
990,3849,86,9017
991,3827,86,9005
992,3706,86,9008
993,3729,85,8943
994,3930,86,9016
995,3892,85,8966
996,4088,84,8853
997,5612,85,8910
998,4757,84,8820
999,4964,84,8797
1000,5151,84,8831
1001,4715,84,8831
1002,4361,84,8821
1003,3810,83,8733
1004,4619,83,8767
1005,4315,82,8627
1006,4397,82,8623
1007,4329,82,8631
1008,4497,82,8586
1009,4578,82,8582
1010,4586,82,8606
1011,4315,82,8608
1012,4252,82,8688
1013,3722,82,8650
1014,5719,82,8623
1015,3943,81,8497
1016,3919,80,8413
1017,3757,80,8420
1018,3634,79,8338
1019,4026,79,8312
1020,3903,78,8201
1021,3853,78,8185
1022,3630,77,8137
1023,3977,77,8124
1024,4550,77,8124
1025,3827,76,8022
1026,8886,76,8016
1027,4341,76,8018
1028,4080,76,8022
1029,4006,75,7915
1030,4199,75,7876
1031,3958,74,7807
1032,4047,74,7816
1033,3891,74,7818
1034,3578,74,7778
1035,3997,74,7760
1036,4184,74,7752
1037,4102,74,7785
1038,3993,74,7768
1039,4277,74,7753
1040,4593,74,7774
1041,4553,74,7765
1042,4011,74,7776
1043,3911,74,7782
1044,3940,74,7753
1045,4693,73,7685
1046,4344,73,7711
1047,4290,72,7578
1048,4279,72,7557
1049,5329,71,7486
1050,5175,71,7470
1051,6492,70,7375
1052,10143,70,7377
1053,5966,70,7323
1054,4386,70,7366
1055,8671,70,7372
1056,6977,70,7365
1057,5290,70,7345
1058,5486,70,7321
1059,6983,70,7392
1060,5753,70,7366
1061,4852,70,7366
1062,4908,70,7373
1063,5424,70,7345
1064,4325,70,7324
1065,4821,70,7395
1066,7169,70,7321
1067,4170,69,7284
1068,4477,69,7281
1069,4780,68,7125
1070,7880,68,7128
1071,8136,67,7005
1072,4526,67,7012
1073,4586,66,6903
1074,3463,65,6803
1075,4497,65,6816
1076,3588,64,6696
1077,4104,64,6715
1078,4006,63,6636
1079,3955,62,6526
1080,3187,62,6506
1081,3454,61,6424
1082,3188,61,6379
1083,3259,60,6277
1084,3134,60,6348
1085,3069,59,6287
1086,3489,58,6184
1087,3158,58,6137
1088,3483,57,6034
1089,3350,57,6036
1090,3462,56,5944
1091,3623,55,5833
1092,3311,55,5841
1093,4550,54,5705
1094,3285,54,5703
1095,3204,53,5636
1096,3280,53,5611
1097,2936,52,5509
1098,2980,52,5527
1099,2923,52,5436
1100,3005,52,5467
1101,3113,52,5475
1102,2963,52,5462
1103,3292,52,5490
1104,2931,52,5580
1105,3012,52,5486
1106,2900,52,5492
1107,2631,52,5532
1108,3004,52,5438
1109,2987,52,5440
1110,3383,52,5476
1111,3454,52,5487
1112,2979,51,5424
1113,2826,51,5414
1114,3209,50,5272
1115,3126,49,5164
1116,2968,49,5155
1117,2941,48,5061
1118,3481,48,5009
1119,3302,48,5036
1120,3306,48,5035
1121,2927,48,5023
1122,3176,48,5037
1123,2850,47,4933
1124,2805,47,4908
1125,3130,46,4830
1126,3548,46,4870
1127,2927,45,4793
1128,3008,45,4764
1129,3277,44,4647
1130,2516,44,4670
1131,3025,43,4545
1132,2840,43,4566
1133,2782,42,4437
1134,2882,42,4436
1135,2939,41,4353
1136,2733,40,4228
1137,2593,40,4252
1138,2594,39,4081
1139,2640,39,4134
1140,2859,38,4031
1141,2404,38,3979
1142,2588,37,3938
1143,2510,36,3836
1144,2603,36,3788
1145,2204,36,3783
1146,2084,35,3750
1147,2409,35,3723
1148,2357,34,3589
1149,2383,34,3615
1150,2248,33,3478
1151,2975,33,3475
1152,2486,33,3475
1153,2573,32,3416
1154,2007,32,3420
1155,2045,32,3353
1156,2231,32,3357
1157,1857,32,3359
1158,2396,32,3365
1159,1996,32,3364
1160,2485,32,3400
1161,2146,31,3296
1162,2230,31,3297
1163,2375,30,3171
1164,2320,30,3169
1165,1890,30,3174
1166,2109,29,3067
1167,1958,29,3068
1168,1552,28,2960
1169,1761,28,2961
1170,2238,28,2957
1171,1711,28,2958
1172,1518,28,2940
1173,1666,28,2959
1174,1639,28,2974
1175,1725,28,2954
1176,1975,28,2964
1177,1860,28,2947
1178,2576,28,2966
1179,3129,28,2966
1180,3169,28,2945
1181,3654,28,2951
1182,3563,27,2843
1183,2109,27,2831
1184,2716,27,2849
1185,1947,26,2724
1186,1891,26,2733
1187,1715,25,2651
1188,2072,25,2650
1189,1949,24,2546
1190,1608,24,2567
1191,1647,23,2422
1192,1580,23,2426
1193,1566,23,2438
1194,1414,23,2441
1195,2074,23,2437
1196,1508,23,2430
1197,1729,23,2457
1198,1551,23,2429
1199,1411,23,2443
1200,1255,23,2427
1201,1539,23,2419
1202,1652,23,2396
1203,1354,23,2420
1204,1309,23,2421
1205,1383,23,2424
1206,1294,23,2418
1207,1124,23,2415
1208,1271,23,2417
1209,1295,23,2415
1210,1221,23,2416
1211,1547,23,2410
1212,1190,23,2412
1213,1230,22,2289
1214,1359,21,2220
1215,1127,21,2206
1216,1131,20,2084
1217,1135,20,2105
1218,1022,19,1986
1219,1027,18,1880
1220,1016,18,1905
1221,885,17,1782
1222,1112,17,1780
1223,905,16,1676
1224,1255,16,1670
1225,964,15,1589
1226,901,14,1462
1227,910,14,1458
1228,817,13,1358
1229,816,13,1350
1230,986,12,1242
1231,801,11,1148
1232,666,11,1142
1233,585,10,1034
1234,727,10,1038
1235,526,10,1034
1236,480,10,1036
1237,953,10,1036
1238,638,10,1040
1239,1025,10,1040
1240,657,9,934
1241,665,9,932
1242,997,8,832
1243,643,8,830
1244,688,7,728
1245,564,7,726
1246,494,6,624
1247,646,6,622
1248,485,5,522
1249,668,5,522
1250,537,4,416
1251,509,3,314
1252,565,3,312
1253,455,2,210
1254,441,2,208
1255,493,1,106
1256,450,1,104
1257,273,0,0
