SimulationTime(s),RTT(us),VehicleCount
1,3741,1
2,655,1
3,377,1
4,484,2
5,468,2
6,344,2
7,494,3
8,417,3
9,546,3
10,792,4
11,439,4
12,433,4
13,564,5
14,468,5
15,514,5
16,713,6
17,518,6
18,578,6
19,627,7
20,548,7
21,541,7
22,804,8
23,576,8
24,665,8
25,733,9
26,555,9
27,712,9
28,726,10
29,620,10
30,615,10
31,663,11
32,699,11
33,913,11
34,779,12
35,640,12
36,615,12
37,783,13
38,733,13
39,826,13
40,807,14
41,697,14
42,993,14
43,851,15
44,723,15
45,668,15
46,846,16
47,923,16
48,768,16
49,880,17
50,799,17
51,829,17
52,1001,18
53,1079,18
54,855,18
55,1001,19
56,960,19
57,879,19
58,1062,20
59,964,20
60,893,20
61,1019,21
62,927,21
63,931,21
64,1137,22
65,1053,22
66,939,22
67,1098,23
68,1229,23
69,1354,23
70,1206,24
71,1411,24
72,1058,24
73,1162,25
74,1435,25
75,1280,25
76,1246,26
77,1257,26
78,1429,26
79,1364,27
80,1274,27
81,1210,27
82,1266,28
83,1209,28
84,1272,28
85,1732,29
86,1510,29
87,1500,29
88,1487,30
89,1616,30
90,1571,30
91,1943,31
92,1437,31
93,1331,31
94,1416,32
95,3660,32
96,3169,32
97,1831,33
98,1691,33
99,1525,33
100,1505,34
101,3510,34
102,2010,34
103,2069,35
104,1817,35
105,1880,35
106,1783,36
107,1788,36
108,1592,36
109,1845,37
110,1616,37
111,1696,37
112,1863,38
113,1581,38
114,1672,38
115,1859,39
116,2577,39
117,1678,39
118,2073,40
119,1894,40
120,1657,40
121,2406,41
122,1847,41
123,1738,41
124,2348,42
125,2043,42
126,2147,42
127,2364,43
128,2320,43
129,2229,43
130,2240,44
131,2515,44
132,2339,44
133,2612,45
134,2758,45
135,2305,45
136,2807,46
137,2485,46
138,3408,46
139,2640,47
140,2411,47
141,2492,47
142,2489,48
143,2490,48
144,2611,48
145,2537,49
146,2543,49
147,2405,49
148,2784,50
149,3049,50
150,2536,50
151,3671,51
152,3467,51
153,3103,51
154,3281,52
155,3291,52
156,2895,52
157,3143,53
158,2987,53
159,3090,53
160,3044,54
161,3006,54
162,3198,54
163,3176,55
164,3151,55
165,3912,55
166,3160,56
167,3161,56
168,3430,56
169,3603,57
170,3275,57
171,3896,57
172,4188,58
173,3664,58
174,4320,58
175,3636,59
176,4014,59
177,3053,59
178,3070,60
179,3828,60
180,3799,60
181,3220,61
182,3101,61
183,3097,61
184,2991,62
185,3116,62
186,2951,62
187,3159,63
188,3227,63
189,3352,63
190,3799,64
191,3456,64
192,3156,64
193,3448,65
194,3847,65
195,3352,65
196,3554,66
197,3445,66
198,3336,66
199,3583,67
200,3487,67
201,3241,67
202,3492,68
203,3558,68
204,3379,68
205,3355,69
206,3874,69
207,3084,69
208,3418,70
209,3273,70
210,3219,70
211,3431,71
212,4137,71
213,3405,71
214,3585,72
215,3534,72
216,3457,72
217,3374,73
218,3500,73
219,3498,73
220,3705,74
221,3536,74
222,4080,74
223,4177,75
224,3773,75
225,3993,75
226,3829,76
227,3554,76
228,3661,76
229,3948,77
230,3872,77
231,3864,77
232,3832,78
233,3947,78
234,4004,78
235,3973,79
236,3911,79
237,3893,79
238,4014,80
239,4030,80
240,3963,80
241,4150,81
242,3898,81
243,3677,81
244,4198,82
245,3731,82
246,3765,82
247,4104,83
248,3873,83
249,3922,82
250,3881,83
251,3918,83
252,3945,83
253,4082,83
254,3879,83
255,3998,83
256,4895,83
257,3817,83
258,3673,83
259,4013,83
260,3862,83
261,4496,83
262,4112,84
263,4055,84
264,3842,84
265,4660,85
266,5117,85
267,4648,85
268,6645,85
269,5346,85
270,12519,84
271,4398,85
272,4416,84
273,4660,84
274,4853,85
275,4424,85
276,5061,85
277,4838,86
278,4565,86
279,4276,86
280,5112,86
281,4234,86
282,4044,85
283,4350,86
284,4027,86
285,3819,86
286,4108,87
287,4008,87
288,4351,87
289,4273,88
290,4076,88
291,4214,88
292,4194,89
293,3879,89
294,4210,89
295,4534,90
296,4663,89
297,3980,88
298,4341,89
299,4139,88
300,3986,88
